Classification,Sentiment Scores
control,0.9632
control,0.9279
control,0.8926
control,0.9349
control,0.9806
control,0.9963
control,-0.9926
control,0.8507
control,-0.9893
control,-1.0
control,-0.8648
control,0.9845
control,0.9474
control,0.9739
control,-1.0
control,-0.9962
control,-1.0
control,-1.0
control,-0.9998
control,1.0
control,0.9332
control,1.0
control,1.0
control,1.0
control,1.0
control,1.0
control,1.0
control,0.6908
control,0.9561
control,0.9901
control,-0.9998
control,-0.959
control,-0.9692
control,-0.9972
control,-0.9726
control,0.9971
control,-0.9964
control,-1.0
control,-0.9926
control,-1.0
control,-0.9826
control,-0.9998
control,-0.9961
control,0.9845
control,0.9999
control,0.9998
control,0.3109
control,1.0
control,-1.0
control,-1.0
control,1.0
control,0.9999
control,1.0
control,1.0
control,-1.0
control,-0.9972
control,1.0
control,-1.0
control,-1.0
control,1.0
control,0.8613
control,0.8613
control,-0.5423
control,-0.9998
control,0.8126
control,0.9996
control,-0.9147
control,0.9996
control,0.5423
control,0.9393
control,0.99
control,-0.9732
control,-0.2808
control,0.6081
control,0.981
control,-0.9941
control,-0.9986
control,-0.645
control,-0.8987
control,-0.9397
control,0.8869
control,0.91
control,0.7672
control,-0.9971
control,0.7672
control,0.999
control,0.411
control,-0.9905
control,-0.9953
control,-0.9905
control,-0.9966
control,-0.9951
control,-0.9941
control,-0.9999
control,-0.9981
control,0.9758
control,0.996
control,0.9762
control,-0.9694
control,-1.0
control,-0.9539
control,0.9852
control,-0.9974
control,-0.979
control,-0.9962
control,-1.0
control,0.998
control,0.91
control,0.11
control,0.9545
control,-0.9334
control,0.9929
control,-1.0
control,-0.988
control,-0.9983
control,-0.9973
control,-1.0
control,-0.9995
control,0.9713
control,-0.998
control,-1.0
control,-1.0
control,0.9998
control,-1.0
control,-1.0
control,-1.0
control,1.0
control,-1.0
control,-1.0
control,0.9995
control,0.9995
control,0.9997
control,-1.0
control,-1.0
control,-1.0
control,-1.0
control,1.0
control,1.0
control,1.0
control,1.0
control,1.0
control,-0.9274
control,-0.9274
control,-0.9747
control,-0.916
control,0.875
control,-0.7823
control,-0.9996
control,0.0
control,-0.595
control,-0.9759
control,-0.9986
control,-0.9882
control,-0.9996
control,-0.9995
control,0.7152
control,0.9795
control,0.8852
control,-0.9994
control,0.9586
control,-0.9905
control,-0.9936
control,-0.9936
control,-0.9971
control,0.91
control,0.9708
control,-0.9952
control,-0.5574
control,-1.0
control,-1.0
control,-0.5093
control,-0.9912
control,0.9929
control,0.9972
control,-0.9952
control,1.0
control,-0.9878
control,0.979
control,0.9999
control,-0.9996
control,1.0
control,1.0
control,-1.0
control,1.0
control,-0.9999
control,1.0
control,1.0
control,1.0
control,1.0
control,-0.9978
control,-0.9995
control,-0.9995
control,-0.9468
control,-0.9998
control,-0.9999
control,0.9657
control,0.9559
control,-0.9777
control,-0.9643
control,-0.9643
control,-0.9869
control,-0.8733
control,-0.8762
control,0.9496
control,0.8668
control,0.8668
control,0.9992
control,0.0
control,0.9992
control,-0.2505
control,0.4936
control,-0.995
control,-0.995
control,-0.9963
control,-0.9989
control,-0.7213
control,-0.7213
control,-0.9143
control,-0.9904
control,-0.9143
control,0.9504
control,0.9357
control,0.9739
control,0.9739
control,-0.9903
control,-0.9994
control,-1.0
control,-1.0
control,0.8302
control,-0.4767
control,-0.9971
control,-0.9999
control,-1.0
control,0.91
control,0.584
control,0.9563
control,-0.5574
control,-0.5059
control,-1.0
control,-1.0
control,0.9623
control,0.9623
control,0.9826
control,0.9981
control,0.9981
control,-0.9952
control,0.9981
control,0.9998
control,0.9994
control,-0.9999
control,0.979
control,1.0
control,-0.9723
control,0.9973
control,0.9999
control,1.0
control,1.0
control,1.0
control,1.0
control,1.0
control,1.0
control,1.0
control,1.0
control,1.0
control,1.0
control,1.0
control,1.0
control,1.0
control,1.0
control,-0.9995
control,-0.9992
control,-0.9994
control,1.0
control,-0.9996
control,-0.9976
control,0.9676
control,0.9676
control,0.9686
control,0.9965
control,0.9612
control,-0.9993
control,-0.9968
control,-0.9993
control,-0.9643
control,0.5106
control,-0.9964
control,-0.9991
control,-0.9991
control,-0.8818
control,-0.3274
control,0.9953
control,-0.128
control,0.8636
control,-0.9999
control,0.9936
control,-0.9984
control,-0.9999
control,0.9454
control,-0.9984
control,-0.9666
control,-0.9517
control,-0.9592
control,0.9903
control,0.0
control,0.9022
control,0.9987
control,-0.986
control,-0.986
control,-0.9954
control,-0.9954
control,0.8442
control,0.8442
control,0.516
control,-0.9935
control,-0.8674
control,-0.7066
control,0.7475
control,-0.7213
control,-0.9666
control,-0.8934
control,-0.9921
control,0.9983
control,-0.9904
control,-0.9958
control,-0.9958
control,0.9883
control,-0.9471
control,-0.9471
control,-0.9752
control,0.9979
control,-0.813
control,-0.9918
control,-0.9143
control,-0.9143
control,-0.9143
control,0.4939
control,-0.9595
control,-0.9655
control,0.6412
control,-0.9001
control,0.9975
control,0.9961
control,0.7763
control,0.8872
control,-1.0
control,0.9814
control,0.9255
control,-0.9956
control,-0.9652
control,-1.0
control,-1.0
control,0.9991
control,0.807
control,0.7264
control,0.9957
control,0.9957
control,0.961
control,-0.9991
control,0.9993
control,-0.9824
control,-0.9914
control,-0.128
control,0.988
control,0.9648
control,-0.9864
control,-0.9935
control,-0.9935
control,-0.9978
control,-0.9975
control,-1.0
control,-0.3357
control,0.9876
control,0.9672
control,0.9908
control,0.9728
control,0.1862
control,0.9493
control,-0.9985
control,-0.9563
control,-0.9818
control,-0.9904
control,-0.9942
control,-0.9997
control,-1.0
control,-0.5742
control,1.0
control,0.9999
control,1.0
control,1.0
control,1.0
control,1.0
control,1.0
control,1.0
control,1.0
control,1.0
control,0.9993
control,1.0
control,0.9999
control,1.0
control,1.0
control,1.0
control,1.0
control,1.0
control,1.0
control,1.0
control,1.0
control,1.0
control,1.0
control,1.0
control,-0.9992
control,0.9999
control,-0.997
control,-0.9976
control,0.9445
control,0.9686
control,-0.9968
control,-0.9964
control,0.5106
control,0.7475
control,-0.987
control,0.8636
control,0.8636
control,-0.7506
control,0.9962
control,-0.9891
control,0.9454
control,0.9932
control,-0.9666
control,-0.9517
control,-0.9592
control,0.9903
control,0.9022
control,-0.9954
control,0.9827
control,-0.7066
control,-0.7213
control,-0.9749
control,-0.9471
control,-0.9969
control,0.4939
control,0.9948
control,-0.6124
control,-0.8858
control,-0.9963
control,0.9973
control,0.2185
control,0.2185
control,0.9993
control,-0.9984
control,0.9853
control,-0.9992
control,0.9985
control,-0.9894
control,-0.9967
control,0.765
control,-0.8807
control,-0.9935
control,0.9966
control,0.9209
control,0.9876
control,0.902
control,-0.9818
control,-0.9937
control,0.0987
control,-0.711
control,1.0
control,0.5267
control,0.9896
control,0.9855
control,0.9975
control,-0.9837
control,0.9961
control,0.9999
control,-0.997
control,-0.9996
control,0.0772
control,0.9987
control,1.0
control,1.0
control,1.0
control,-1.0
control,1.0
control,1.0
control,1.0
control,1.0
control,1.0
control,1.0
control,1.0
control,1.0
control,-0.9976
control,-0.9985
control,0.8918
control,-0.9968
control,-0.5106
control,0.8176
control,-0.975
control,0.9588
control,-0.9896
control,-0.9496
control,-0.7125
control,-0.9531
control,0.9534
control,-0.9614
control,-0.9961
control,-0.9969
control,0.4939
control,0.9945
control,-0.9921
control,-0.995
control,-0.8668
control,-0.8668
control,-0.9983
control,0.9864
control,0.9983
control,0.9985
control,-0.9935
control,0.9966
control,0.991
control,0.9915
control,-0.9818
control,0.6637
control,0.6637
control,-0.9982
control,-0.9982
control,0.9878
control,1.0
control,-0.9999
control,-0.9998
control,-0.9304
control,0.9975
control,0.9975
control,0.9962
control,0.9963
control,0.9949
control,0.9961
control,-0.9878
control,0.9657
control,0.5267
control,1.0
control,-1.0
control,1.0
control,0.9999
control,1.0
control,1.0
control,1.0
control,1.0
control,1.0
control,1.0
control,-1.0
control,0.997
control,1.0
control,1.0
control,1.0
control,1.0
control,1.0
control,-0.9976
control,-0.9774
control,0.7717
control,-0.9969
control,-0.3818
control,-0.3818
control,-0.9921
control,-0.995
control,0.9955
control,-0.9723
control,-0.8506
control,0.988
control,0.9966
control,-0.8304
control,0.9999
control,-0.9987
control,0.9878
control,1.0
control,0.743
control,0.9975
control,0.9962
control,0.9962
control,0.9962
control,-0.925
control,-1.0
control,0.9995
control,0.5267
control,-1.0
control,1.0
control,1.0
control,1.0
control,1.0
control,-1.0
control,1.0
control,1.0
control,1.0
control,1.0
control,-1.0
control,1.0
control,1.0
control,-0.9973
control,0.8918
control,-0.9993
control,-0.9725
control,0.9724
control,-0.9774
control,0.7717
control,-0.9634
control,0.6896
control,-0.9969
control,0.8788
control,0.8282
control,-0.9979
control,-0.9954
control,-0.2023
control,0.7964
control,0.8614
control,-0.8506
control,0.988
control,0.987
control,0.9999
control,0.6486
control,-0.896
control,-0.9991
control,0.99
control,-0.9979
control,1.0
control,0.5267
control,-0.9998
control,0.743
control,0.9975
control,0.9955
control,-0.9959
control,0.9701
control,0.992
control,-0.9997
control,0.9953
control,0.8182
control,-0.9999
control,-1.0
control,0.9654
control,1.0
control,-1.0
control,-1.0
control,1.0
control,1.0
control,1.0
control,1.0
control,1.0
control,-0.9999
control,-1.0
control,-1.0
control,-1.0
control,1.0
control,1.0
control,1.0
control,1.0
control,1.0
control,1.0
control,1.0
control,-1.0
control,-0.9973
control,-0.9993
control,-0.9984
control,-0.9983
control,-0.9468
control,0.9675
control,0.9978
control,-0.9987
control,0.911
control,0.911
control,-0.9994
control,0.978
control,0.2846
control,-0.9963
control,-0.9719
control,0.2263
control,0.986
control,-0.896
control,0.9956
control,1.0
control,-1.0
control,0.9989
control,0.7003
control,1.0
control,1.0
control,1.0
control,1.0
control,1.0
control,1.0
control,0.4939
control,0.9998
control,1.0
control,-0.9984
control,0.5454
control,0.9511
control,-1.0
control,1.0
control,1.0
control,1.0
control,1.0
control,1.0
control,1.0
control,1.0
control,-0.9973
control,-0.9984
control,-0.9993
control,-0.9983
control,0.6597
control,-0.9953
control,-0.9468
control,-0.9928
control,-0.9904
control,0.9973
control,0.9898
control,0.9898
control,-0.9936
control,0.9996
control,0.9896
control,-0.896
control,0.9925
control,0.9995
control,0.9995
control,0.9999
control,-0.9998
control,-0.9966
control,-0.9934
control,0.9897
control,-0.9948
control,1.0
control,1.0
control,1.0
control,1.0
control,1.0
control,1.0
control,1.0
control,1.0
control,1.0
control,-1.0
control,1.0
control,1.0
control,1.0
control,1.0
control,-0.9987
control,0.0258
control,-0.9973
control,0.9313
control,-0.7583
control,0.971
control,-0.9984
control,-0.9993
control,0.5106
control,0.9994
control,-0.5719
control,0.908
control,-0.9976
control,-0.9741
control,-0.9466
control,-0.6037
control,-0.6037
control,0.9901
control,0.9979
control,-0.9926
control,-0.5475
control,0.9604
control,-0.5475
control,-0.8402
control,0.9605
control,-0.9842
control,0.9972
control,-0.9538
control,0.9141
control,-0.8038
control,-0.9997
control,-0.9997
control,-0.9349
control,-0.9883
control,-0.9904
control,-0.9612
control,0.9951
control,0.9991
control,-0.9979
control,0.9995
control,0.9997
control,-0.5958
control,0.9932
control,0.7761
control,-0.872
control,-0.9933
control,-0.9918
control,-0.896
control,0.9995
control,0.9995
control,1.0
control,-0.9998
control,0.9896
control,-0.998
control,-0.9999
control,-0.9999
control,1.0
control,0.9998
control,1.0
control,1.0
control,1.0
control,1.0
control,1.0
control,1.0
control,1.0
control,1.0
control,1.0
control,1.0
control,1.0
control,1.0
control,1.0
control,1.0
control,1.0
control,0.0258
control,-0.9984
control,-0.9978
control,-0.9997
control,0.9313
control,-0.9984
control,-0.9913
control,-0.948
control,0.0618
control,-0.9978
control,0.8759
control,-0.5719
control,-0.9997
control,-0.9976
control,0.7882
control,0.9873
control,-0.9859
control,-0.991
control,-0.9879
control,0.9825
control,-0.9879
control,0.908
control,-0.6037
control,-0.6896
control,-0.9466
control,-0.6037
control,0.998
control,-0.9926
control,-0.995
control,-0.9819
control,-0.9944
control,-0.5475
control,-0.7579
control,-0.9842
control,-0.946
control,-0.9842
control,-0.5475
control,0.9339
control,-0.8402
control,0.836
control,0.9849
control,0.9605
control,-0.961
control,0.9973
control,-0.4803
control,0.9141
control,-0.9997
control,0.9429
control,0.9949
control,-0.8807
control,0.9994
control,0.9995
control,-0.9642
control,-0.9655
control,-0.8788
control,-0.9887
control,-0.4466
control,0.6808
control,0.936
control,-0.9846
control,-0.9846
control,0.8797
control,0.8602
control,-0.5958
control,-0.9349
control,0.216
control,0.9936
control,0.9893
control,0.9947
control,-0.9958
control,0.7761
control,0.9855
control,0.2529
control,0.2529
control,0.9905
control,-0.9959
control,0.9995
control,0.9995
control,1.0
control,-0.9998
control,-0.9985
control,-0.986
control,0.9208
control,0.216
control,0.9923
control,0.9998
control,1.0
control,-0.9999
control,0.9999
control,1.0
control,1.0
control,-1.0
control,-1.0
control,1.0
control,1.0
control,1.0
control,1.0
control,1.0
control,1.0
control,1.0
control,1.0
control,1.0
control,1.0
control,1.0
control,1.0
control,0.0258
control,-0.9984
control,-0.9997
control,-0.998
control,-0.9995
control,-0.9985
control,-0.4404
control,-0.9986
control,-0.9984
control,-0.9913
control,-0.995
control,0.0618
control,-1.0
control,-0.9987
control,-0.9998
control,-0.5719
control,-0.9699
control,-0.9998
control,0.9873
control,-0.9859
control,-0.9879
control,0.9037
control,-0.991
control,-0.9175
control,-0.9898
control,-0.9328
control,-0.9968
control,-0.872
control,-0.872
control,-0.991
control,0.908
control,-0.6896
control,0.9864
control,-0.6037
control,-0.9466
control,-0.6037
control,-0.999
control,-0.3818
control,-0.4466
control,0.9979
control,0.8668
control,0.9509
control,-0.9819
control,-0.7579
control,-0.9842
control,-0.9842
control,-0.7906
control,-0.946
control,0.836
control,0.9849
control,-0.9543
control,0.9049
control,-0.9878
control,0.9141
control,0.9984
control,-0.994
control,-0.986
control,-0.986
control,-0.8807
control,-0.9349
control,0.9998
control,0.9938
control,-0.3664
control,-0.8788
control,0.9995
control,0.6808
control,0.6808
control,0.9995
control,-0.9828
control,0.9807
control,-0.9701
control,0.9953
control,0.9873
control,-0.5994
control,0.9904
control,0.9818
control,0.9859
control,-0.7886
control,0.7172
control,0.9883
control,0.7172
control,0.9936
control,0.988
control,-0.948
control,0.9966
control,0.993
control,-0.9879
control,0.9901
control,0.9954
control,1.0
control,-0.9926
control,0.9951
control,-0.9932
control,0.2284
control,-0.3594
control,0.9905
control,-0.6037
control,0.9982
control,0.9982
control,-0.9997
control,0.5671
control,-0.4342
control,-0.9739
control,-0.9998
control,-0.9991
control,-0.9779
control,0.9595
control,0.8455
control,-0.9468
control,-0.8798
control,0.3062
control,0.9349
control,0.93
control,-0.9996
control,0.9967
control,0.998
control,0.998
control,1.0
control,-0.9999
control,-0.9999
control,-0.9999
control,-0.9999
control,-0.9999
control,-1.0
control,-1.0
control,-0.9999
control,-0.9999
control,1.0
control,1.0
control,1.0
control,1.0
control,1.0
control,1.0
control,1.0
control,1.0
control,1.0
control,1.0
control,1.0
control,1.0
control,1.0
control,1.0
control,1.0
control,-0.9989
control,-0.9989
control,-0.9992
control,-0.9987
control,-0.4404
control,-0.9989
control,-0.9984
control,-0.9997
control,-0.9997
control,-0.9988
control,0.0618
control,-1.0
control,-0.9989
control,-0.8779
control,0.9753
control,-0.8868
control,-0.8868
control,-0.9664
control,-0.9879
control,-0.6896
control,-0.9496
control,0.9592
control,-0.9175
control,-0.9271
control,-0.9271
control,-0.9512
control,0.4205
control,-0.9968
control,-0.9883
control,-0.872
control,-0.872
control,-0.3818
control,-0.9965
control,0.9291
control,0.9864
control,-0.9466
control,-0.9873
control,-0.9992
control,-0.4466
control,0.8668
control,0.9509
control,0.9509
control,-0.7579
control,0.7906
control,0.9978
control,0.9978
control,-0.9928
control,0.4767
control,-0.9543
control,-0.9983
control,-0.9821
control,0.9049
control,-0.9821
control,0.9141
control,-0.9953
control,0.9984
control,0.9984
control,0.3885
control,-0.9797
control,-0.986
control,-0.9998
control,0.8495
control,-0.9726
control,-0.9726
control,-0.9906
control,-0.9998
control,-0.8658
control,-0.9998
control,0.9998
control,-0.9287
control,-0.9994
control,-0.9994
control,-0.9843
control,-0.9933
control,0.8869
control,0.8869
control,-0.9962
control,-0.2808
control,0.9645
control,-0.984
control,0.6808
control,0.7242
control,-0.8788
control,0.9807
control,-0.9457
control,-0.5994
control,0.8658
control,-0.9434
control,-0.9936
control,0.228
control,-0.9888
control,0.9712
control,0.9875
control,0.9875
control,0.9915
control,0.9915
control,0.4408
control,0.9883
control,1.0
control,-0.9904
control,-0.9796
control,0.9955
control,0.9893
control,-0.9999
control,0.9953
control,0.9665
control,0.8877
control,-0.9998
control,-0.0751
control,-0.3902
control,0.818
control,0.9995
control,0.9995
control,0.9997
control,0.9995
control,0.9997
control,0.5671
control,-0.9937
control,-0.9998
control,-0.9998
control,-0.9971
control,0.8455
control,-0.9973
control,-0.4215
control,-0.3612
control,0.9595
control,-0.8798
control,0.9001
control,-0.9968
control,0.9985
control,0.9987
control,1.0
control,-0.9999
control,-0.9999
control,-0.9996
control,-1.0
control,-1.0
control,-0.9443
control,0.9996
control,-0.9999
control,1.0
control,-0.9999
control,-0.9999
control,-1.0
control,-1.0
control,1.0
control,1.0
control,1.0
control,1.0
control,1.0
control,1.0
control,1.0
control,1.0
control,1.0
control,1.0
control,1.0
control,1.0
control,1.0
control,1.0
control,-0.9969
control,-0.9989
control,-0.999
control,-0.9989
control,-0.999
control,-0.4404
control,-0.9984
control,-0.9999
control,-0.9988
control,-0.9999
control,0.0618
control,-0.9999
control,-0.9987
control,-0.9989
control,-0.993
control,-0.9448
control,-0.7174
control,-0.0191
control,-0.0191
control,-0.8868
control,-0.8868
control,-0.9892
control,-0.9664
control,-0.6896
control,-0.4135
control,-0.9859
control,-0.9496
control,-0.991
control,-0.9271
control,-0.9175
control,-0.998
control,-0.9271
control,-0.9779
control,-0.9779
control,-0.872
control,-0.9894
control,-0.872
control,-0.9625
control,0.8893
control,0.9291
control,-0.9376
control,0.9824
control,-0.9466
control,-0.991
control,-0.9751
control,-0.9992
control,-0.9684
control,0.9678
control,0.9723
control,-0.9948
control,-0.9909
control,0.9978
control,0.9978
control,0.5267
control,-0.9543
control,0.9649
control,-0.9983
control,0.9849
control,0.9141
control,0.9959
control,0.9997
control,-0.2893
control,0.3885
control,0.8894
control,0.8894
control,-0.2808
control,-0.991
control,-0.991
control,0.867
control,0.9385
control,-0.9854
control,-0.9906
control,-0.9988
control,-0.9886
control,0.9915
control,-0.9884
control,-0.9971
control,-0.9796
control,-0.9933
control,-0.9933
control,-0.9993
control,0.9976
control,0.7673
control,-0.9999
control,0.9935
control,0.9901
control,-0.9999
control,0.9982
control,0.9645
control,0.6808
control,0.7242
control,-0.8788
control,0.9807
control,-0.9924
control,-0.9924
control,-0.9996
control,0.5859
control,-0.984
control,-0.9723
control,-0.9995
control,-0.9875
control,-0.575
control,-0.7024
control,0.8658
control,-0.9726
control,-0.9726
control,-0.982
control,0.8862
control,-0.9975
control,-0.972
control,-0.9934
control,0.9875
control,0.9875
control,-0.9994
control,-0.9994
control,-0.9875
control,-0.9931
control,0.9915
control,0.4707
control,0.6209
control,-0.9957
control,0.7872
control,1.0
control,0.9839
control,-0.4115
control,0.9873
control,0.9981
control,0.9858
control,-0.9987
control,0.9955
control,0.9858
control,-0.9887
control,-0.9887
control,-0.9999
control,-0.9994
control,-0.9973
control,-0.994
control,0.9987
control,0.818
control,0.9986
control,0.9995
control,0.9926
control,0.9926
control,-0.9999
control,0.9997
control,0.9997
control,-0.9937
control,-0.3818
control,-0.9927
control,0.9953
control,-0.9251
control,0.9931
control,-0.9998
control,-0.9998
control,0.6808
control,0.8455
control,0.1197
control,-0.9996
control,-0.9996
control,0.9061
control,0.9312
control,-0.9971
control,0.998
control,-0.955
control,-0.9318
control,-0.9864
control,-0.9997
control,-0.9999
control,-0.9999
control,0.9995
control,0.9986
control,-1.0
control,-1.0
control,-1.0
control,1.0
control,1.0
control,1.0
control,1.0
control,1.0
control,1.0
control,1.0
control,1.0
control,1.0
control,1.0
control,1.0
control,1.0
control,1.0
control,1.0
control,1.0
rights,0.9416
rights,1.0
rights,1.0
rights,1.0
rights,1.0
rights,1.0
rights,0.6486
rights,0.7717
rights,0.9416
rights,0.8926
rights,0.9578
rights,1.0
rights,1.0
rights,1.0
rights,1.0
rights,1.0
rights,-0.9597
rights,0.1779
rights,0.1779
rights,-0.9998
rights,0.5904
rights,0.9606
rights,0.5746
rights,-0.9728
rights,-0.9886
rights,0.9985
rights,-0.9977
rights,-0.9999
rights,1.0
rights,-0.9597
rights,0.9398
rights,0.8225
rights,-0.9833
rights,-0.5861
rights,-0.9975
rights,-0.1449
rights,-0.1449
rights,0.7126
rights,0.9906
rights,-0.9903
rights,-0.9977
rights,0.9894
rights,0.9965
rights,0.9906
rights,0.9972
rights,0.9708
rights,1.0
rights,1.0
rights,1.0
rights,1.0
rights,1.0
rights,1.0
rights,-1.0
rights,-0.9975
rights,0.979
rights,0.7126
rights,1.0
rights,-0.9456
rights,-0.9976
rights,-0.9968
rights,0.9989
rights,0.9974
rights,1.0
rights,0.9961
rights,0.7706
rights,-0.9998
rights,1.0
rights,0.9999
rights,1.0
rights,0.9999
rights,1.0
rights,1.0
rights,-1.0
rights,0.4939
rights,1.0
rights,1.0
rights,0.9999
rights,1.0
rights,0.9894
rights,0.9747
rights,0.9747
rights,0.9985
rights,-0.6124
rights,0.9963
rights,-0.9413
rights,0.4939
rights,0.7003
rights,0.5267
rights,0.4883
rights,-0.4215
rights,0.7126
rights,-0.9976
rights,0.9505
rights,0.9828
rights,0.9199
rights,0.2023
rights,0.9366
rights,0.7706
rights,0.9967
rights,-0.8594
rights,0.9992
rights,0.8338
rights,0.9995
rights,0.9996
rights,-0.9939
rights,0.9996
rights,0.9953
rights,0.34
rights,-0.9981
rights,1.0
rights,1.0
rights,1.0
rights,1.0
rights,0.9881
rights,0.9747
rights,0.9747
rights,0.9042
rights,-0.8625
rights,-0.9935
rights,-0.9985
rights,-0.9955
rights,-0.994
rights,0.9963
rights,0.9963
rights,-0.9872
rights,0.9366
rights,-0.9995
rights,-0.9413
rights,0.9336
rights,0.9336
rights,0.9832
rights,0.9843
rights,-0.9981
rights,-0.9809
rights,0.7126
rights,-0.9868
rights,-0.6124
rights,-0.9976
rights,-0.9976
rights,0.9917
rights,-0.992
rights,0.9911
rights,0.9913
rights,0.9175
rights,0.4215
rights,0.9828
rights,0.9912
rights,0.9547
rights,0.9911
rights,-0.9962
rights,-0.9804
rights,0.9862
rights,0.9867
rights,0.9908
rights,0.7706
rights,0.9802
rights,0.9854
rights,0.987
rights,0.9994
rights,0.5267
rights,0.9996
rights,1.0
rights,1.0
rights,1.0
rights,1.0
rights,1.0
rights,1.0
rights,0.97
rights,-0.9874
rights,-0.9931
rights,0.9964
rights,0.9985
rights,0.9921
rights,0.9366
rights,-0.9779
rights,0.9987
rights,0.9986
rights,-0.9995
rights,-1.0
rights,-1.0
rights,0.9336
rights,0.9336
rights,-0.9921
rights,-0.9921
rights,0.9971
rights,0.8745
rights,-0.9976
rights,-0.9052
rights,0.9175
rights,-0.9927
rights,0.4588
rights,-0.4767
rights,0.9828
rights,0.9939
rights,-0.875
rights,0.9901
rights,0.9901
rights,0.9997
rights,-0.9929
rights,-0.9367
rights,0.9908
rights,0.991
rights,0.9987
rights,-0.9996
rights,0.9724
rights,0.9983
rights,0.7003
rights,0.4939
rights,1.0
rights,1.0
rights,1.0
rights,1.0
rights,-0.9921
rights,-0.991
rights,-0.99
rights,-0.9894
rights,-0.9878
rights,-0.9759
rights,-0.6369
rights,-0.539
rights,0.9665
rights,0.9934
rights,-0.9779
rights,0.9965
rights,0.9989
rights,-0.9991
rights,0.4767
rights,-1.0
rights,0.9959
rights,0.4939
rights,1.0
rights,0.9998
rights,0.8555
rights,-0.9915
rights,0.9736
rights,-0.9923
rights,-0.9976
rights,-0.9938
rights,-0.8402
rights,-0.9118
rights,-0.5676
rights,-0.6677
rights,0.991
rights,0.9987
rights,0.9978
rights,-0.9984
rights,0.9999
rights,1.0
rights,1.0
rights,1.0
rights,0.9841
rights,0.9811
rights,0.9874
rights,-0.978
rights,-0.978
rights,0.9965
rights,-0.9601
rights,0.9803
rights,0.9559
rights,-0.9779
rights,0.9953
rights,0.9993
rights,0.9993
rights,-1.0
rights,1.0
rights,1.0
rights,-0.9875
rights,-0.9875
rights,0.8555
rights,-0.978
rights,0.9736
rights,-0.9976
rights,0.8789
rights,-0.875
rights,0.8954
rights,0.9222
rights,0.9922
rights,0.9699
rights,0.995
rights,0.9191
rights,0.9894
rights,0.9894
rights,0.992
rights,0.9963
rights,0.9953
rights,1.0
rights,0.0
rights,1.0
rights,1.0
rights,1.0
rights,-1.0
rights,-0.978
rights,0.978
rights,0.9874
rights,0.9945
rights,0.9759
rights,-0.9779
rights,0.9904
rights,0.7003
rights,0.7003
rights,0.4019
rights,-0.9881
rights,0.9811
rights,0.8555
rights,0.987
rights,0.987
rights,0.2732
rights,0.8263
rights,-0.9595
rights,0.9736
rights,-0.9961
rights,-0.9982
rights,0.9609
rights,0.9789
rights,-0.9856
rights,0.9996
rights,0.9873
rights,-0.9936
rights,0.9992
rights,-0.9948
rights,0.992
rights,0.9957
rights,-0.9636
rights,0.9759
rights,0.993
rights,0.9994
rights,0.9989
rights,0.9999
rights,1.0
rights,1.0
rights,1.0
rights,1.0
rights,0.9933
rights,0.978
rights,-0.9911
rights,0.9989
rights,0.9904
rights,-0.934
rights,-0.7125
rights,0.3818
rights,0.9811
rights,0.9231
rights,-0.9808
rights,0.8555
rights,-0.9897
rights,0.9774
rights,0.9329
rights,-0.9595
rights,-0.7904
rights,0.5719
rights,0.962
rights,-0.2185
rights,-0.9795
rights,-0.9986
rights,-0.9069
rights,0.9322
rights,0.953
rights,0.9505
rights,0.9719
rights,0.9901
rights,0.9286
rights,0.9901
rights,0.9923
rights,0.9759
rights,0.9961
rights,0.8313
rights,-0.9956
rights,1.0
rights,-0.8718
rights,1.0
rights,1.0
rights,1.0
rights,1.0
rights,-1.0
rights,-0.0516
rights,-0.9967
rights,0.9895
rights,-0.9992
rights,0.997
rights,0.9501
rights,0.9951
rights,-0.9779
rights,0.9988
rights,0.999
rights,-0.9561
rights,0.9811
rights,0.9951
rights,0.9062
rights,0.9715
rights,0.9715
rights,-0.9795
rights,0.9337
rights,0.9001
rights,0.9329
rights,0.9712
rights,0.9712
rights,-0.9595
rights,-0.9595
rights,0.9372
rights,0.886
rights,0.9992
rights,0.9992
rights,0.8126
rights,0.9976
rights,0.9917
rights,0.2023
rights,0.9902
rights,0.5648
rights,0.9914
rights,-0.8542
rights,-0.8542
rights,0.9946
rights,0.9725
rights,0.9322
rights,0.9322
rights,0.9887
rights,0.9666
rights,-0.8402
rights,0.9918
rights,0.9904
rights,-0.9962
rights,0.9759
rights,0.9759
rights,0.9923
rights,0.9957
rights,-0.9887
rights,0.9989
rights,-0.9957
rights,0.999
rights,0.9997
rights,0.9989
rights,1.0
rights,1.0
rights,1.0
rights,1.0
rights,1.0
rights,1.0
rights,1.0
rights,1.0
rights,1.0
rights,1.0
rights,1.0
rights,0.9904
rights,-0.9928
rights,-0.8316
rights,-0.9854
rights,0.9907
rights,0.9907
rights,-0.9972
rights,-0.9825
rights,-0.0772
rights,0.9811
rights,0.9062
rights,0.9062
rights,0.9715
rights,0.9715
rights,0.9712
rights,0.9781
rights,0.8126
rights,0.8126
rights,0.9759
rights,-0.7624
rights,-0.2366
rights,0.8006
rights,-0.9595
rights,0.9324
rights,0.9821
rights,0.9821
rights,0.5034
rights,-0.9798
rights,-0.9798
rights,-0.836
rights,0.9497
rights,0.9497
rights,0.9904
rights,-0.9972
rights,0.9923
rights,0.9923
rights,0.9999
rights,0.9983
rights,1.0
rights,1.0
rights,1.0
rights,1.0
rights,1.0
rights,0.9978
rights,1.0
rights,1.0
rights,0.9442
rights,-0.9443
rights,0.9945
rights,-0.9578
rights,0.9993
rights,0.9993
rights,-0.9968
rights,-0.9968
rights,0.9486
rights,-0.0772
rights,-0.0772
rights,0.9022
rights,0.9811
rights,0.981
rights,0.9062
rights,0.5727
rights,0.9759
rights,-0.9937
rights,0.9081
rights,0.8973
rights,-0.9595
rights,0.7917
rights,0.7917
rights,0.741
rights,0.9821
rights,0.9843
rights,0.9898
rights,0.9821
rights,-0.9821
rights,0.9788
rights,0.8591
rights,0.8591
rights,0.9855
rights,-0.6309
rights,0.9753
rights,0.9295
rights,0.9933
rights,-0.9729
rights,0.9933
rights,-0.9985
rights,0.9998
rights,-0.9925
rights,0.9943
rights,-0.9669
rights,0.9497
rights,0.9497
rights,0.7544
rights,-0.998
rights,0.7003
rights,0.9999
rights,-0.8858
rights,-0.8858
rights,1.0
rights,-0.9975
rights,1.0
rights,0.5267
rights,-0.9971
rights,-0.9638
rights,-0.7242
rights,0.9782
rights,0.9998
rights,0.7783
rights,0.9974
rights,-0.9828
rights,0.9987
rights,0.9935
rights,0.9993
rights,0.9993
rights,-0.9996
rights,-0.9999
rights,0.9978
rights,-0.997
rights,-0.9965
rights,-0.9996
rights,0.9995
rights,0.9996
rights,-0.9999
rights,-0.0772
rights,-0.0772
rights,-0.9683
rights,0.9442
rights,0.9442
rights,0.9003
rights,0.8885
rights,0.9022
rights,0.9811
rights,-0.8374
rights,-0.9777
rights,0.9893
rights,-0.9853
rights,0.8787
rights,-0.9853
rights,0.4939
rights,0.9062
rights,0.8937
rights,0.8271
rights,0.7544
rights,0.7544
rights,0.9999
rights,0.9939
rights,0.9925
rights,0.95
rights,0.9471
rights,0.9804
rights,-0.9595
rights,0.8973
rights,0.741
rights,-0.9522
rights,0.9898
rights,-0.9618
rights,0.9843
rights,0.9821
rights,-0.969
rights,-0.9665
rights,0.9295
rights,-0.9999
rights,0.9917
rights,-0.996
rights,0.9964
rights,0.9949
rights,0.9963
rights,0.994
rights,0.9937
rights,0.9667
rights,0.9224
rights,0.9117
rights,0.9497
rights,0.9224
rights,-0.9959
rights,1.0
rights,1.0
rights,1.0
rights,1.0
rights,1.0
rights,1.0
rights,1.0
